<?xml version='1.0' encoding='utf-8' standalone='yes' ?>
<map>
    <long name="com.amazon.communication.remotesetting.pref.LAST_SUCCESSFUL_SYNC" value="1758085490545" />
    <string name="PN_customer_vcr">PH</string>
    <boolean name="shouldDownloadToSDCard" value="false" />
    <string name="PN_subscription_prefs">[{&quot;topic&quot;:&quot;AIV_video_favorites&quot;,&quot;isSubscribed&quot;:false},{&quot;topic&quot;:&quot;AIV_video_in_library&quot;,&quot;isSubscribed&quot;:false},{&quot;topic&quot;:&quot;AIV_video_recommendations&quot;,&quot;isSubscribed&quot;:false},{&quot;topic&quot;:&quot;AIV_video_sports_suggestions&quot;,&quot;isSubscribed&quot;:false},{&quot;topic&quot;:&quot;AIV_new_feature&quot;,&quot;isSubscribed&quot;:false},{&quot;topic&quot;:&quot;AIV_offer&quot;,&quot;isSubscribed&quot;:false}]</string>
    <boolean name="firstAppStartWithoutUser" value="false" />
    <long name="com.amazon.communication.remotesetting.pref.LAST_SYNC_ATTEMPT" value="1758085490545" />
    <string name="PN_customer_id">amzn1.account.AFSU22IO6IFHHI6ABIFSY5VJ2PEA</string>
    <boolean name="shouldSubscribeToAllTopics" value="false" />
</map>
