{"Fid":"c1adLfZlSdGwlUA0y2u9QS","Status":3,"AuthToken":"eyJhbGciOiJFUzI1NiIsInR5cCI6IkpXVCJ9.eyJhcHBJZCI6IjE6MzU0ODAwNjQ1MzI5OmFuZHJvaWQ6NGM2NjY0NGY4NDc1MTUwYiIsImV4cCI6MTc1ODY5MDIyOSwiZmlkIjoiYzFhZExmWmxTZEd3bFVBMHkydTlRUyIsInByb2plY3ROdW1iZXIiOjM1NDgwMDY0NTMyOX0.AB2LPV8wRgIhAMrVI7TQ03YWjZhXJ6IY6Y6Ge1zeqTa6NxuT8BIIkRyoAiEA7Ni0i_l1f_qFiCv4eo54lrJ8HDPQ7EYMdxIBloihBG0","RefreshToken":"3_AS3qfwJHMWKUzi4VRH01agQjA9M5Rw1Um6WHOkeM0963Bbx6rsQKfo61NVuGdUFYOL49WGxLr70_MOKUeBuSH3Fi6JrPiabrBSegzH_WLonXimI","TokenCreationEpochInSecs":1758085429,"ExpiresInSecs":604800}